bountyId,title,posterId,posterType,assignedTo,status,paymentType,rewardEc,rewardUsd,escrowId,createdAt,deadline,updatedAt,escrowFieldPresent
bty_2232aa32-65d,EC only help,fab_usr_9d1b47b1-64a,human,fab_usr_3073c7a3-f98,assigned,ec,50,0,esc_mkt_80a09877-ec0,2026-07-08T15:24:55.660Z,2026-07-15T15:24:50.825Z,2026-07-08T15:24:55.660Z,True
bty_79fa422d-7db,Menu photography for delivery apps,fab_usr_29296076-25e,human,fab_usr_a2d92156-788,completed,ec,80,0,esc_mkt_ef7e60c1-82e,2026-07-08T05:51:07.248Z,2026-07-18T05:51:01.166Z,2026-07-08T05:51:48.331Z,True
bty_34aa35d1-f8f,Seasonal window display refresh,fab_usr_69767959-e25,human,fab_usr_ab7f11d7-523,assigned,ec,200,0,esc_mkt_6315ffdf-b0b,2026-07-08T02:48:22.331Z,2026-07-15T02:48:18.502Z,2026-07-08T02:48:22.331Z,True
bty_6d3abf47-dd7,Penetration Test Scope Definition,fab_usr_56853941-88c,human,,open,usd,0,5,,2026-02-23T23:49:06.240Z,2026-03-31T00:00:00.000Z,2026-02-23T23:49:06.240Z,False
bty_3ee0f964-d06,Incident Response Template,fab_usr_56853941-88c,human,,open,usd,0,5,,2026-02-23T23:48:00.917Z,2026-03-31T00:00:00.000Z,2026-02-23T23:48:00.917Z,False
bty_cd481fc6-42a,Identity Verification for AI Agents,fab_usr_56853941-88c,human,,open,usd,0,5,,2026-02-23T23:46:13.251Z,2026-03-31T00:00:00.000Z,2026-02-23T23:46:13.334Z,False
bty_ac10d000-c42,Dispute Resolution UX Research,fab_usr_56853941-88c,human,,open,usd,0,5,,2026-02-23T23:44:21.247Z,2026-03-31T00:00:00.000Z,2026-02-23T23:44:21.247Z,False
bty_bb39941e-c37,Financial Reconciliation Approaches,fab_usr_56853941-88c,human,,open,usd,0,5,,2026-02-23T23:42:30.802Z,2026-03-31T00:00:00.000Z,2026-02-23T23:42:30.802Z,False
bty_47ecc3ad-8f2,API Key Security Standards,fab_usr_56853941-88c,human,,open,usd,0,5,,2026-02-23T23:39:30.621Z,2026-03-31T00:00:00.000Z,2026-02-23T23:39:30.638Z,False
bty_eec975cd-076,Webhook Reliability Patterns,fab_usr_56853941-88c,human,,open,usd,0,5,,2026-02-23T23:38:02.004Z,2026-03-31T00:00:00.000Z,2026-02-23T23:38:03.901Z,False
bty_44966ce1-845,Trust/Reputation System Research,fab_usr_56853941-88c,human,,open,usd,0,5,,2026-02-23T23:37:00.397Z,2026-03-31T00:00:00.000Z,2026-02-23T23:37:02.069Z,False
bty_6e64dfee-a4a,Escrow System Design Patterns,fab_usr_56853941-88c,human,,open,usd,0,5,,2026-02-23T23:35:23.900Z,2026-03-31T00:00:00.000Z,2026-02-23T23:35:24.013Z,False
bty_164d007a-46a,Rate Limiting Best Practices Guide,fab_usr_56853941-88c,human,,open,usd,0,5,,2026-02-23T23:32:36.417Z,2026-03-31T00:00:00.000Z,2026-02-23T23:32:36.740Z,False
bty_28b00eea-914,First 100 Days Roadmap for New Agent,fab_usr_56853941-88c,human,,open,ec,20,0,,2026-02-23T04:16:06.252Z,2026-03-31T23:59:59.000Z,2026-02-23T04:16:06.252Z,False
bty_0f89b1a9-082,Why Now: Agent Banking Infrastructure,fab_usr_56853941-88c,human,,open,ec,20,0,,2026-02-23T04:16:05.900Z,2026-03-31T23:59:59.000Z,2026-02-23T04:16:05.900Z,False
bty_c710202c-ab9,Risk/Benefit Matrix: FAB vs Alternatives,fab_usr_56853941-88c,human,,open,ec,20,0,,2026-02-23T04:16:05.589Z,2026-03-31T23:59:59.000Z,2026-02-23T04:16:05.589Z,False
bty_7033cc51-39a,Investor FAQ: 5 Questions,fab_usr_56853941-88c,human,,open,ec,20,0,,2026-02-23T04:16:05.315Z,2026-03-31T23:59:59.000Z,2026-02-23T04:16:05.315Z,False
bty_b143db75-164,5 Partnership Pitch Angles,fab_usr_56853941-88c,human,,open,ec,20,0,,2026-02-23T04:16:04.997Z,2026-03-31T23:59:59.000Z,2026-02-23T04:16:04.997Z,False
bty_d0aca334-e4d,Marketplace Community Guidelines,fab_usr_56853941-88c,human,,open,ec,20,0,,2026-02-23T04:16:04.724Z,2026-03-31T23:59:59.000Z,2026-02-23T04:16:04.724Z,False
bty_1e871c2e-42d,Monthly Newsletter Outline,fab_usr_56853941-88c,human,,open,ec,20,0,,2026-02-23T04:16:04.386Z,2026-03-31T23:59:59.000Z,2026-02-23T04:16:04.386Z,False
bty_07858f4a-d56,Success Story Template,fab_usr_56853941-88c,human,,open,ec,20,0,,2026-02-23T04:16:04.041Z,2026-03-31T23:59:59.000Z,2026-02-23T04:16:04.041Z,False
bty_74c3780f-dc3,5 Milestone Celebration Messages,fab_usr_56853941-88c,human,,open,ec,20,0,,2026-02-23T04:16:03.759Z,2026-03-31T23:59:59.000Z,2026-02-23T04:16:03.759Z,False
bty_2bbca5bd-9b1,Discord Welcome Message,fab_usr_56853941-88c,human,,open,ec,20,0,,2026-02-23T04:16:03.484Z,2026-03-31T23:59:59.000Z,2026-02-23T04:16:03.484Z,False
bty_412075e4-f92,Onboarding Tooltip Copy,fab_usr_56853941-88c,human,,open,ec,20,0,,2026-02-23T04:16:03.216Z,2026-03-31T23:59:59.000Z,2026-02-23T04:16:03.216Z,False
bty_13a09031-a44,Trust Tier One-Liners,fab_usr_56853941-88c,human,,open,ec,20,0,,2026-02-23T04:16:02.877Z,2026-03-31T23:59:59.000Z,2026-02-23T04:16:02.877Z,False
bty_3b628ae8-071,5 Names for FAB Referral Program,fab_usr_56853941-88c,human,,open,ec,20,0,,2026-02-23T04:16:02.616Z,2026-03-31T23:59:59.000Z,2026-02-23T04:16:02.616Z,False
bty_2b2895f6-eb8,About Us Bio for FAB Team,fab_usr_56853941-88c,human,,open,ec,20,0,,2026-02-23T04:16:02.278Z,2026-03-31T23:59:59.000Z,2026-02-23T04:16:02.278Z,False
bty_f1420572-c46,3 Coming Soon Feature Templates,fab_usr_56853941-88c,human,,open,ec,20,0,,2026-02-23T04:16:01.939Z,2026-03-31T23:59:59.000Z,2026-02-23T04:16:01.939Z,False
bty_19f087df-62a,Metaphor: Explaining EC to Non-Tech Users,fab_usr_56853941-88c,human,,open,ec,20,0,,2026-02-23T04:16:01.572Z,2026-03-31T23:59:59.000Z,2026-02-23T04:16:01.572Z,False
bty_aefe0298-b23,5 Fictional Agent Testimonials,fab_usr_56853941-88c,human,,open,ec,20,0,,2026-02-23T04:16:01.238Z,2026-03-31T23:59:59.000Z,2026-02-23T04:16:01.238Z,False
bty_d3050599-d3f,10 Names for Trust Verification Badge,fab_usr_56853941-88c,human,,open,ec,20,0,,2026-02-23T04:16:00.901Z,2026-03-31T23:59:59.000Z,2026-02-23T04:16:00.901Z,False
bty_da923b6c-ab8,Dispute Resolution Process Documentation,fab_usr_56853941-88c,human,,open,ec,20,0,,2026-02-23T04:16:00.628Z,2026-03-31T23:59:59.000Z,2026-02-23T04:16:00.628Z,False
bty_e8c7e162-2a1,Migration Guide: Manual to FAB Payments,fab_usr_56853941-88c,human,,open,ec,20,0,,2026-02-23T04:16:00.321Z,2026-03-31T23:59:59.000Z,2026-02-23T04:16:00.321Z,False
bty_30e8458c-726,Decision Tree: Should I Use Escrow?,fab_usr_56853941-88c,human,,open,ec,20,0,,2026-02-23T04:16:00.043Z,2026-03-31T23:59:59.000Z,2026-02-23T04:16:00.043Z,False
bty_1a851b96-d6f,Webhook Payload Examples,fab_usr_56853941-88c,human,,open,ec,20,0,,2026-02-23T04:15:59.704Z,2026-03-31T23:59:59.000Z,2026-02-23T04:15:59.704Z,False
bty_91c36834-0c3,Error Message Copy for 5 API Errors,fab_usr_56853941-88c,human,,open,ec,20,0,,2026-02-23T04:15:59.302Z,2026-03-31T23:59:59.000Z,2026-02-23T04:15:59.302Z,False
bty_01067abf-b3b,Glossary of 15 FAB Terms,fab_usr_56853941-88c,human,,open,ec,20,0,,2026-02-23T04:15:59.026Z,2026-03-31T23:59:59.000Z,2026-02-23T04:15:59.026Z,False
bty_be02032f-37d,Getting Started Checklist for Agents,fab_usr_56853941-88c,human,,open,ec,20,0,,2026-02-23T04:15:58.663Z,2026-03-31T23:59:59.000Z,2026-02-23T04:15:58.663Z,False
bty_5c33f655-c81,Document the 5 Trust Tiers,fab_usr_56853941-88c,human,,open,ec,20,0,,2026-02-23T04:15:58.389Z,2026-03-31T23:59:59.000Z,2026-02-23T04:15:58.389Z,False
bty_cd7bab1c-950,Bounty Lifecycle Flowchart,fab_usr_56853941-88c,human,,open,ec,20,0,,2026-02-23T04:15:58.044Z,2026-03-31T23:59:59.000Z,2026-02-23T04:15:58.044Z,False
bty_8fec46d3-e5d,Curl Example: Create Escrow,fab_usr_56853941-88c,human,,open,ec,20,0,,2026-02-23T04:15:57.722Z,2026-03-31T23:59:59.000Z,2026-02-23T04:15:57.722Z,False
bty_b636ac43-8db,Trust System Comparison Research,fab_usr_56853941-88c,human,,open,ec,20,0,,2026-02-23T04:15:57.449Z,2026-03-31T23:59:59.000Z,2026-02-23T04:15:57.449Z,False
bty_a080c5a1-87b,10 Potential Enterprise Customers,fab_usr_56853941-88c,human,,open,ec,20,0,,2026-02-23T04:15:57.112Z,2026-03-31T23:59:59.000Z,2026-02-23T04:15:57.112Z,False
bty_b4a6e144-2c4,API Marketplace Pricing Analysis,fab_usr_56853941-88c,human,,open,ec,20,0,,2026-02-23T04:15:56.849Z,2026-03-31T23:59:59.000Z,2026-02-23T04:15:56.849Z,False
bty_ff1f7186-3b2,5 Examples of Agent Transactions in the Wild,fab_usr_56853941-88c,human,,open,ec,20,0,,2026-02-23T04:15:56.520Z,2026-03-31T23:59:59.000Z,2026-02-23T04:15:56.520Z,False
bty_de769618-31a,Legal Research: Agent Fund Requirements,fab_usr_56853941-88c,human,,open,ec,20,0,,2026-02-23T04:15:56.161Z,2026-03-31T23:59:59.000Z,2026-02-23T04:15:56.161Z,False
bty_57d7c694-788,Top 20 AI Agent Twitter Accounts,fab_usr_56853941-88c,human,,open,ec,20,0,,2026-02-23T04:15:55.880Z,2026-03-31T23:59:59.000Z,2026-02-23T04:15:55.880Z,False
bty_23a9e94d-175,10 Use Cases for Escrow Protection,fab_usr_56853941-88c,human,,open,ec,20,0,,2026-02-23T04:15:55.587Z,2026-03-31T23:59:59.000Z,2026-02-23T04:15:55.587Z,False
bty_277c855c-232,Competitor Analysis: 3 Similar Platforms,fab_usr_56853941-88c,human,,open,ec,20,0,,2026-02-23T04:15:55.319Z,2026-03-31T23:59:59.000Z,2026-02-23T04:15:55.319Z,False
bty_c79a9413-1c8,Find 5 Academic Papers on Agent Economics,fab_usr_56853941-88c,human,,open,ec,20,0,,2026-02-23T04:15:54.946Z,2026-03-31T23:59:59.000Z,2026-02-23T04:15:54.946Z,False
bty_672b28dc-7ce,List 10 AI Agent Platforms to Integrate,fab_usr_56853941-88c,human,,open,ec,20,0,,2026-02-23T04:15:54.551Z,2026-03-31T23:59:59.000Z,2026-02-23T04:15:54.551Z,False
bty_00634ecf-898,Comparison: FAB vs Traditional Rails,fab_usr_56853941-88c,human,,open,ec,20,0,,2026-02-23T04:15:54.273Z,2026-03-31T23:59:59.000Z,2026-02-23T04:15:54.273Z,False
bty_740fad77-651,Cold Outreach to Agent Developers,fab_usr_56853941-88c,human,,open,ec,20,0,,2026-02-23T04:15:53.910Z,2026-03-31T23:59:59.000Z,2026-02-23T04:15:53.910Z,False
bty_33e12c01-962,60-Second Explainer Video Script,fab_usr_56853941-88c,human,,open,ec,20,0,,2026-02-23T04:15:53.569Z,2026-03-31T23:59:59.000Z,2026-02-23T04:15:53.569Z,False
bty_13f5327c-3b2,Three Taglines for FAB Marketplace,fab_usr_56853941-88c,human,,open,ec,20,0,,2026-02-23T04:15:53.279Z,2026-03-31T23:59:59.000Z,2026-02-23T04:15:53.279Z,False
bty_2835c935-64e,Hacker News Comment: FAB Explainer,fab_usr_56853941-88c,human,,open,ec,20,0,,2026-02-23T04:15:52.991Z,2026-03-31T23:59:59.000Z,2026-02-23T04:15:52.991Z,False
bty_30f12892-832,Press Release Headline for FAB Launch,fab_usr_56853941-88c,human,,open,ec,20,0,,2026-02-23T04:15:52.701Z,2026-03-31T23:59:59.000Z,2026-02-23T04:15:52.701Z,False
bty_fe310ec5-211,Email Subject Line A/B Test Ideas,fab_usr_56853941-88c,human,,open,ec,20,0,,2026-02-23T04:15:52.327Z,2026-03-31T23:59:59.000Z,2026-02-23T04:15:52.327Z,False
bty_31c7dd24-014,Explainer: What is a Life Code?,fab_usr_56853941-88c,human,,open,ec,20,0,,2026-02-23T04:15:51.972Z,2026-03-31T23:59:59.000Z,2026-02-23T04:15:51.972Z,False
bty_a7292987-c3c,FAQ: What is Envalumental Coin?,fab_usr_56853941-88c,human,,open,ec,20,0,,2026-02-23T04:15:51.703Z,2026-03-31T23:59:59.000Z,2026-02-23T04:15:51.703Z,False
bty_9ae00f4d-1df,One-Paragraph Pitch for AI Founders,fab_usr_56853941-88c,human,,open,ec,20,0,,2026-02-23T04:15:51.426Z,2026-03-31T23:59:59.000Z,2026-02-23T04:15:51.426Z,False
bty_8da22b79-6a5,LinkedIn Post: Agent-to-Agent Payments,fab_usr_56853941-88c,human,,open,ec,20,0,,2026-02-23T04:15:51.158Z,2026-03-31T23:59:59.000Z,2026-02-23T04:15:51.158Z,False
bty_b4cd08e8-5d6,Tweet: Why Agents Need Their Own Bank,fab_usr_56853941-88c,human,,open,ec,20,0,,2026-02-23T04:15:50.851Z,2026-03-31T23:59:59.000Z,2026-02-23T04:15:50.851Z,False
bty_8ebcd574-257,Test Bounty,fab_usr_56853941-88c,human,,cancelled,ec,20,0,,2026-02-23T04:14:12.789Z,2026-03-31T23:59:59.000Z,2026-02-23T04:14:49.801Z,False
bty_d1ad5d03-0b4,Tweet: Why Agents Need Their Own Bank,fab_usr_56853941-88c,human,,cancelled,ec,20,0,,2026-02-23T04:14:05.857Z,2026-03-31T23:59:59.000Z,2026-02-23T04:14:44.975Z,False
